user_id,community_type,community_id,community_size
user_0000,families,families_0,4
user_0001,families,families_0,4
user_0002,families,families_0,4
user_0003,families,families_0,4
user_0004,families,families_1,2
user_0005,families,families_1,2
user_0006,families,families_2,3
user_0007,families,families_2,3
user_0008,families,families_2,3
user_0009,families,families_3,3
user_0010,families,families_3,3
user_0011,families,families_3,3
user_0012,families,families_4,4
user_0013,families,families_4,4
user_0014,families,families_4,4
user_0015,families,families_4,4
user_0016,families,families_5,4
user_0017,families,families_5,4
user_0018,families,families_5,4
user_0019,families,families_5,4
user_0020,families,families_6,4
user_0021,families,families_6,4
user_0022,families,families_6,4
user_0023,families,families_6,4
user_0024,families,families_7,2
user_0025,families,families_7,2
user_0026,families,families_8,3
user_0027,families,families_8,3
user_0028,families,families_8,3
user_0029,families,families_9,2
user_0030,families,families_9,2
user_0031,families,families_10,3
user_0032,families,families_10,3
user_0033,families,families_10,3
user_0034,families,families_11,3
user_0035,families,families_11,3
user_0036,families,families_11,3
user_0037,families,families_12,2
user_0038,families,families_12,2
user_0039,families,families_13,2
user_0040,families,families_13,2
user_0041,families,families_14,4
user_0042,families,families_14,4
user_0043,families,families_14,4
user_0044,families,families_14,4
user_0045,families,families_15,3
user_0046,families,families_15,3
user_0047,families,families_15,3
user_0048,families,families_16,3
user_0049,families,families_16,3
user_0050,families,families_16,3
user_0051,families,families_17,3
user_0052,families,families_17,3
user_0053,families,families_17,3
user_0054,families,families_18,4
user_0055,families,families_18,4
user_0056,families,families_18,4
user_0057,families,families_18,4
user_0058,families,families_19,2
user_0059,families,families_19,2
user_0060,families,families_20,4
user_0061,families,families_20,4
user_0062,families,families_20,4
user_0063,families,families_20,4
user_0064,families,families_21,4
user_0065,families,families_21,4
user_0066,families,families_21,4
user_0067,families,families_21,4
user_0068,families,families_22,3
user_0069,families,families_22,3
user_0070,families,families_22,3
user_0071,families,families_23,2
user_0072,families,families_23,2
user_0073,families,families_24,5
user_0074,families,families_24,5
user_0075,families,families_24,5
user_0076,families,families_24,5
user_0077,families,families_24,5
user_0078,families,families_25,3
user_0079,families,families_25,3
user_0080,families,families_25,3
user_0081,families,families_26,2
user_0082,families,families_26,2
user_0083,families,families_27,2
user_0084,families,families_27,2
user_0085,families,families_28,4
user_0086,families,families_28,4
user_0087,families,families_28,4
user_0088,families,families_28,4
user_0089,families,families_29,4
user_0090,families,families_29,4
user_0091,families,families_29,4
user_0092,families,families_29,4
user_0093,families,families_30,4
user_0094,families,families_30,4
user_0095,families,families_30,4
user_0096,families,families_30,4
user_0097,families,families_31,4
user_0098,families,families_31,4
user_0099,families,families_31,4
user_0100,families,families_31,4
user_0101,families,families_32,3
user_0102,families,families_32,3
user_0103,families,families_32,3
user_0104,families,families_33,5
user_0105,families,families_33,5
user_0106,families,families_33,5
user_0107,families,families_33,5
user_0108,families,families_33,5
user_0109,families,families_34,3
user_0110,families,families_34,3
user_0111,families,families_34,3
user_0112,families,families_35,3
user_0113,families,families_35,3
user_0114,families,families_35,3
user_0115,families,families_36,4
user_0116,families,families_36,4
user_0117,families,families_36,4
user_0118,families,families_36,4
user_0119,families,families_37,4
user_0120,families,families_37,4
user_0121,families,families_37,4
user_0122,families,families_37,4
user_0123,families,families_38,4
user_0124,families,families_38,4
user_0125,families,families_38,4
user_0126,families,families_38,4
user_0127,families,families_39,3
user_0128,families,families_39,3
user_0129,families,families_39,3
user_0130,families,families_40,4
user_0131,families,families_40,4
user_0132,families,families_40,4
user_0133,families,families_40,4
user_0134,families,families_41,2
user_0135,families,families_41,2
user_0136,families,families_42,3
user_0137,families,families_42,3
user_0138,families,families_42,3
user_0139,families,families_43,3
user_0140,families,families_43,3
user_0141,families,families_43,3
user_0142,families,families_44,2
user_0143,families,families_44,2
user_0144,families,families_45,3
user_0145,families,families_45,3
user_0146,families,families_45,3
user_0147,families,families_46,2
user_0148,families,families_46,2
user_0149,families,families_47,3
user_0150,families,families_47,3
user_0151,families,families_47,3
user_0152,families,families_48,4
user_0153,families,families_48,4
user_0154,families,families_48,4
user_0155,families,families_48,4
user_0156,families,families_49,3
user_0157,families,families_49,3
user_0158,families,families_49,3
user_0159,families,families_50,3
user_0160,families,families_50,3
user_0161,families,families_50,3
user_0162,families,families_51,3
user_0163,families,families_51,3
user_0164,families,families_51,3
user_0165,families,families_52,3
user_0166,families,families_52,3
user_0167,families,families_52,3
user_0168,families,families_53,5
user_0169,families,families_53,5
user_0170,families,families_53,5
user_0171,families,families_53,5
user_0172,families,families_53,5
user_0173,families,families_54,4
user_0174,families,families_54,4
user_0175,families,families_54,4
user_0176,families,families_54,4
user_0177,families,families_55,4
user_0178,families,families_55,4
user_0179,families,families_55,4
user_0180,families,families_55,4
user_0181,families,families_56,2
user_0182,families,families_56,2
user_0183,families,families_57,4
user_0184,families,families_57,4
user_0185,families,families_57,4
user_0186,families,families_57,4
user_0187,families,families_58,2
user_0188,families,families_58,2
user_0189,families,families_59,3
user_0190,families,families_59,3
user_0191,families,families_59,3
user_0192,families,families_60,5
user_0193,families,families_60,5
user_0194,families,families_60,5
user_0195,families,families_60,5
user_0196,families,families_60,5
user_0197,families,families_61,4
user_0198,families,families_61,4
user_0199,families,families_61,4
user_0200,families,families_61,4
user_0201,families,families_62,3
user_0202,families,families_62,3
user_0203,families,families_62,3
user_0204,families,families_63,4
user_0205,families,families_63,4
user_0206,families,families_63,4
user_0207,families,families_63,4
user_0208,families,families_64,4
user_0209,families,families_64,4
user_0210,families,families_64,4
user_0211,families,families_64,4
user_0212,families,families_65,4
user_0213,families,families_65,4
user_0214,families,families_65,4
user_0215,families,families_65,4
user_0216,families,families_66,3
user_0217,families,families_66,3
user_0218,families,families_66,3
user_0219,families,families_67,2
user_0220,families,families_67,2
user_0221,families,families_68,3
user_0222,families,families_68,3
user_0223,families,families_68,3
user_0224,families,families_69,3
user_0225,families,families_69,3
user_0226,families,families_69,3
user_0227,families,families_70,3
user_0228,families,families_70,3
user_0229,families,families_70,3
user_0230,families,families_71,5
user_0231,families,families_71,5
user_0232,families,families_71,5
user_0233,families,families_71,5
user_0234,families,families_71,5
user_0235,families,families_72,4
user_0236,families,families_72,4
user_0237,families,families_72,4
user_0238,families,families_72,4
user_0239,families,families_73,3
user_0240,families,families_73,3
user_0241,families,families_73,3
user_0242,families,families_74,4
user_0243,families,families_74,4
user_0244,families,families_74,4
user_0245,families,families_74,4
user_0246,families,families_75,3
user_0247,families,families_75,3
user_0248,families,families_75,3
user_0249,families,families_76,5
user_0250,families,families_76,5
user_0251,families,families_76,5
user_0252,families,families_76,5
user_0253,families,families_76,5
user_0254,families,families_77,3
user_0255,families,families_77,3
user_0256,families,families_77,3
user_0257,families,families_78,3
user_0258,families,families_78,3
user_0259,families,families_78,3
user_0260,families,families_79,3
user_0261,families,families_79,3
user_0262,families,families_79,3
user_0263,work_groups,work_groups_0,5
user_0264,work_groups,work_groups_0,5
user_0265,work_groups,work_groups_0,5
user_0266,work_groups,work_groups_0,5
user_0267,work_groups,work_groups_0,5
user_0268,work_groups,work_groups_1,3
user_0269,work_groups,work_groups_1,3
user_0270,work_groups,work_groups_1,3
user_0271,work_groups,work_groups_2,5
user_0272,work_groups,work_groups_2,5
user_0273,work_groups,work_groups_2,5
user_0274,work_groups,work_groups_2,5
user_0275,work_groups,work_groups_2,5
user_0276,work_groups,work_groups_3,8
user_0277,work_groups,work_groups_3,8
user_0278,work_groups,work_groups_3,8
user_0279,work_groups,work_groups_3,8
user_0280,work_groups,work_groups_3,8
user_0281,work_groups,work_groups_3,8
user_0282,work_groups,work_groups_3,8
user_0283,work_groups,work_groups_3,8
user_0284,work_groups,work_groups_4,5
user_0285,work_groups,work_groups_4,5
user_0286,work_groups,work_groups_4,5
user_0287,work_groups,work_groups_4,5
user_0288,work_groups,work_groups_4,5
user_0289,work_groups,work_groups_5,3
user_0290,work_groups,work_groups_5,3
user_0291,work_groups,work_groups_5,3
user_0292,work_groups,work_groups_6,12
user_0293,work_groups,work_groups_6,12
user_0294,work_groups,work_groups_6,12
user_0295,work_groups,work_groups_6,12
user_0296,work_groups,work_groups_6,12
user_0297,work_groups,work_groups_6,12
user_0298,work_groups,work_groups_6,12
user_0299,work_groups,work_groups_6,12
user_0300,work_groups,work_groups_6,12
user_0301,work_groups,work_groups_6,12
user_0302,work_groups,work_groups_6,12
user_0303,work_groups,work_groups_6,12
user_0304,work_groups,work_groups_7,5
user_0305,work_groups,work_groups_7,5
user_0306,work_groups,work_groups_7,5
user_0307,work_groups,work_groups_7,5
user_0308,work_groups,work_groups_7,5
user_0309,work_groups,work_groups_8,3
user_0310,work_groups,work_groups_8,3
user_0311,work_groups,work_groups_8,3
user_0312,work_groups,work_groups_9,3
user_0313,work_groups,work_groups_9,3
user_0314,work_groups,work_groups_9,3
user_0315,work_groups,work_groups_10,3
user_0316,work_groups,work_groups_10,3
user_0317,work_groups,work_groups_10,3
user_0318,work_groups,work_groups_11,5
user_0319,work_groups,work_groups_11,5
user_0320,work_groups,work_groups_11,5
user_0321,work_groups,work_groups_11,5
user_0322,work_groups,work_groups_11,5
user_0323,work_groups,work_groups_12,8
user_0324,work_groups,work_groups_12,8
user_0325,work_groups,work_groups_12,8
user_0326,work_groups,work_groups_12,8
user_0327,work_groups,work_groups_12,8
user_0328,work_groups,work_groups_12,8
user_0329,work_groups,work_groups_12,8
user_0330,work_groups,work_groups_12,8
user_0331,work_groups,work_groups_13,5
user_0332,work_groups,work_groups_13,5
user_0333,work_groups,work_groups_13,5
user_0334,work_groups,work_groups_13,5
user_0335,work_groups,work_groups_13,5
user_0336,work_groups,work_groups_14,3
user_0337,work_groups,work_groups_14,3
user_0338,work_groups,work_groups_14,3
user_0339,work_groups,work_groups_15,5
user_0340,work_groups,work_groups_15,5
user_0341,work_groups,work_groups_15,5
user_0342,work_groups,work_groups_15,5
user_0343,work_groups,work_groups_15,5
user_0344,work_groups,work_groups_16,12
user_0345,work_groups,work_groups_16,12
user_0346,work_groups,work_groups_16,12
user_0347,work_groups,work_groups_16,12
user_0348,work_groups,work_groups_16,12
user_0349,work_groups,work_groups_16,12
user_0350,work_groups,work_groups_16,12
user_0351,work_groups,work_groups_16,12
user_0352,work_groups,work_groups_16,12
user_0353,work_groups,work_groups_16,12
user_0354,work_groups,work_groups_16,12
user_0355,work_groups,work_groups_16,12
user_0356,work_groups,work_groups_17,5
user_0357,work_groups,work_groups_17,5
user_0358,work_groups,work_groups_17,5
user_0359,work_groups,work_groups_17,5
user_0360,work_groups,work_groups_17,5
user_0361,work_groups,work_groups_18,12
user_0362,work_groups,work_groups_18,12
user_0363,work_groups,work_groups_18,12
user_0364,work_groups,work_groups_18,12
user_0365,work_groups,work_groups_18,12
user_0366,work_groups,work_groups_18,12
user_0367,work_groups,work_groups_18,12
user_0368,work_groups,work_groups_18,12
user_0369,work_groups,work_groups_18,12
user_0370,work_groups,work_groups_18,12
user_0371,work_groups,work_groups_18,12
user_0372,work_groups,work_groups_18,12
user_0373,work_groups,work_groups_19,8
user_0374,work_groups,work_groups_19,8
user_0375,work_groups,work_groups_19,8
user_0376,work_groups,work_groups_19,8
user_0377,work_groups,work_groups_19,8
user_0378,work_groups,work_groups_19,8
user_0379,work_groups,work_groups_19,8
user_0380,work_groups,work_groups_19,8
user_0381,work_groups,work_groups_20,3
user_0382,work_groups,work_groups_20,3
user_0383,work_groups,work_groups_20,3
user_0384,work_groups,work_groups_21,8
user_0385,work_groups,work_groups_21,8
user_0386,work_groups,work_groups_21,8
user_0387,work_groups,work_groups_21,8
user_0388,work_groups,work_groups_21,8
user_0389,work_groups,work_groups_21,8
user_0390,work_groups,work_groups_21,8
user_0391,work_groups,work_groups_21,8
user_0392,work_groups,work_groups_22,5
user_0393,work_groups,work_groups_22,5
user_0394,work_groups,work_groups_22,5
user_0395,work_groups,work_groups_22,5
user_0396,work_groups,work_groups_22,5
user_0397,work_groups,work_groups_23,5
user_0398,work_groups,work_groups_23,5
user_0399,work_groups,work_groups_23,5
user_0400,work_groups,work_groups_23,5
user_0401,work_groups,work_groups_23,5
user_0402,work_groups,work_groups_24,3
user_0403,work_groups,work_groups_24,3
user_0404,work_groups,work_groups_24,3
user_0405,work_groups,work_groups_25,5
user_0406,work_groups,work_groups_25,5
user_0407,work_groups,work_groups_25,5
user_0408,work_groups,work_groups_25,5
user_0409,work_groups,work_groups_25,5
user_0410,work_groups,work_groups_26,3
user_0411,work_groups,work_groups_26,3
user_0412,work_groups,work_groups_26,3
user_0413,work_groups,work_groups_27,5
user_0414,work_groups,work_groups_27,5
user_0415,work_groups,work_groups_27,5
user_0416,work_groups,work_groups_27,5
user_0417,work_groups,work_groups_27,5
user_0418,work_groups,work_groups_28,5
user_0419,work_groups,work_groups_28,5
user_0420,work_groups,work_groups_28,5
user_0421,work_groups,work_groups_28,5
user_0422,work_groups,work_groups_28,5
user_0423,work_groups,work_groups_29,12
user_0424,work_groups,work_groups_29,12
user_0425,work_groups,work_groups_29,12
user_0426,work_groups,work_groups_29,12
user_0427,work_groups,work_groups_29,12
user_0428,work_groups,work_groups_29,12
user_0429,work_groups,work_groups_29,12
user_0430,work_groups,work_groups_29,12
user_0431,work_groups,work_groups_29,12
user_0432,work_groups,work_groups_29,12
user_0433,work_groups,work_groups_29,12
user_0434,work_groups,work_groups_29,12
user_0435,friend_circles,friend_circles_0,4
user_0436,friend_circles,friend_circles_0,4
user_0437,friend_circles,friend_circles_0,4
user_0438,friend_circles,friend_circles_0,4
user_0439,friend_circles,friend_circles_1,4
user_0440,friend_circles,friend_circles_1,4
user_0441,friend_circles,friend_circles_1,4
user_0442,friend_circles,friend_circles_1,4
user_0443,friend_circles,friend_circles_2,4
user_0444,friend_circles,friend_circles_2,4
user_0445,friend_circles,friend_circles_2,4
user_0446,friend_circles,friend_circles_2,4
user_0447,friend_circles,friend_circles_3,4
user_0448,friend_circles,friend_circles_3,4
user_0449,friend_circles,friend_circles_3,4
user_0450,friend_circles,friend_circles_3,4
user_0451,friend_circles,friend_circles_4,4
user_0452,friend_circles,friend_circles_4,4
user_0453,friend_circles,friend_circles_4,4
user_0454,friend_circles,friend_circles_4,4
user_0455,friend_circles,friend_circles_5,4
user_0456,friend_circles,friend_circles_5,4
user_0457,friend_circles,friend_circles_5,4
user_0458,friend_circles,friend_circles_5,4
user_0459,friend_circles,friend_circles_6,4
user_0460,friend_circles,friend_circles_6,4
user_0461,friend_circles,friend_circles_6,4
user_0462,friend_circles,friend_circles_6,4
user_0463,friend_circles,friend_circles_7,4
user_0464,friend_circles,friend_circles_7,4
user_0465,friend_circles,friend_circles_7,4
user_0466,friend_circles,friend_circles_7,4
user_0467,friend_circles,friend_circles_8,4
user_0468,friend_circles,friend_circles_8,4
user_0469,friend_circles,friend_circles_8,4
user_0470,friend_circles,friend_circles_8,4
user_0471,friend_circles,friend_circles_9,4
user_0472,friend_circles,friend_circles_9,4
user_0473,friend_circles,friend_circles_9,4
user_0474,friend_circles,friend_circles_9,4
user_0475,friend_circles,friend_circles_10,4
user_0476,friend_circles,friend_circles_10,4
user_0477,friend_circles,friend_circles_10,4
user_0478,friend_circles,friend_circles_10,4
user_0479,friend_circles,friend_circles_11,4
user_0480,friend_circles,friend_circles_11,4
user_0481,friend_circles,friend_circles_11,4
user_0482,friend_circles,friend_circles_11,4
user_0483,friend_circles,friend_circles_12,4
user_0484,friend_circles,friend_circles_12,4
user_0485,friend_circles,friend_circles_12,4
user_0486,friend_circles,friend_circles_12,4
user_0487,friend_circles,friend_circles_13,4
user_0488,friend_circles,friend_circles_13,4
user_0489,friend_circles,friend_circles_13,4
user_0490,friend_circles,friend_circles_13,4
user_0491,friend_circles,friend_circles_14,4
user_0492,friend_circles,friend_circles_14,4
user_0493,friend_circles,friend_circles_14,4
user_0494,friend_circles,friend_circles_14,4
user_0495,friend_circles,friend_circles_15,4
user_0496,friend_circles,friend_circles_15,4
user_0497,friend_circles,friend_circles_15,4
user_0498,friend_circles,friend_circles_15,4
user_0499,friend_circles,friend_circles_16,4
user_0500,friend_circles,friend_circles_16,4
user_0501,friend_circles,friend_circles_16,4
user_0502,friend_circles,friend_circles_16,4
user_0503,friend_circles,friend_circles_17,4
user_0504,friend_circles,friend_circles_17,4
user_0505,friend_circles,friend_circles_17,4
user_0506,friend_circles,friend_circles_17,4
user_0507,friend_circles,friend_circles_18,4
user_0508,friend_circles,friend_circles_18,4
user_0509,friend_circles,friend_circles_18,4
user_0510,friend_circles,friend_circles_18,4
user_0511,friend_circles,friend_circles_19,4
user_0512,friend_circles,friend_circles_19,4
user_0513,friend_circles,friend_circles_19,4
user_0514,friend_circles,friend_circles_19,4
user_0515,friend_circles,friend_circles_20,4
user_0516,friend_circles,friend_circles_20,4
user_0517,friend_circles,friend_circles_20,4
user_0518,friend_circles,friend_circles_20,4
user_0519,friend_circles,friend_circles_21,4
user_0520,friend_circles,friend_circles_21,4
user_0521,friend_circles,friend_circles_21,4
user_0522,friend_circles,friend_circles_21,4
user_0523,friend_circles,friend_circles_22,4
user_0524,friend_circles,friend_circles_22,4
user_0525,friend_circles,friend_circles_22,4
user_0526,friend_circles,friend_circles_22,4
user_0527,friend_circles,friend_circles_23,4
user_0528,friend_circles,friend_circles_23,4
user_0529,friend_circles,friend_circles_23,4
user_0530,friend_circles,friend_circles_23,4
user_0531,friend_circles,friend_circles_24,4
user_0532,friend_circles,friend_circles_24,4
user_0533,friend_circles,friend_circles_24,4
user_0534,friend_circles,friend_circles_24,4
user_0535,friend_circles,friend_circles_25,4
user_0536,friend_circles,friend_circles_25,4
user_0537,friend_circles,friend_circles_25,4
user_0538,friend_circles,friend_circles_25,4
user_0539,friend_circles,friend_circles_26,4
user_0540,friend_circles,friend_circles_26,4
user_0541,friend_circles,friend_circles_26,4
user_0542,friend_circles,friend_circles_26,4
user_0543,friend_circles,friend_circles_27,4
user_0544,friend_circles,friend_circles_27,4
user_0545,friend_circles,friend_circles_27,4
user_0546,friend_circles,friend_circles_27,4
user_0547,friend_circles,friend_circles_28,4
user_0548,friend_circles,friend_circles_28,4
user_0549,friend_circles,friend_circles_28,4
user_0550,friend_circles,friend_circles_28,4
user_0551,friend_circles,friend_circles_29,4
user_0552,friend_circles,friend_circles_29,4
user_0553,friend_circles,friend_circles_29,4
user_0554,friend_circles,friend_circles_29,4
user_0555,friend_circles,friend_circles_30,4
user_0556,friend_circles,friend_circles_30,4
user_0557,friend_circles,friend_circles_30,4
user_0558,friend_circles,friend_circles_30,4
user_0559,friend_circles,friend_circles_31,4
user_0560,friend_circles,friend_circles_31,4
user_0561,friend_circles,friend_circles_31,4
user_0562,friend_circles,friend_circles_31,4
user_0563,friend_circles,friend_circles_32,4
user_0564,friend_circles,friend_circles_32,4
user_0565,friend_circles,friend_circles_32,4
user_0566,friend_circles,friend_circles_32,4
user_0567,friend_circles,friend_circles_33,4
user_0568,friend_circles,friend_circles_33,4
user_0569,friend_circles,friend_circles_33,4
user_0570,friend_circles,friend_circles_33,4
user_0571,friend_circles,friend_circles_34,4
user_0572,friend_circles,friend_circles_34,4
user_0573,friend_circles,friend_circles_34,4
user_0574,friend_circles,friend_circles_34,4
user_0575,friend_circles,friend_circles_35,4
user_0576,friend_circles,friend_circles_35,4
user_0577,friend_circles,friend_circles_35,4
user_0578,friend_circles,friend_circles_35,4
user_0579,friend_circles,friend_circles_36,4
user_0580,friend_circles,friend_circles_36,4
user_0581,friend_circles,friend_circles_36,4
user_0582,friend_circles,friend_circles_36,4
user_0583,friend_circles,friend_circles_37,4
user_0584,friend_circles,friend_circles_37,4
user_0585,friend_circles,friend_circles_37,4
user_0586,friend_circles,friend_circles_37,4
user_0587,friend_circles,friend_circles_38,4
user_0588,friend_circles,friend_circles_38,4
user_0589,friend_circles,friend_circles_38,4
user_0590,friend_circles,friend_circles_38,4
user_0591,friend_circles,friend_circles_39,4
user_0592,friend_circles,friend_circles_39,4
user_0593,friend_circles,friend_circles_39,4
user_0594,friend_circles,friend_circles_39,4
user_0595,friend_circles,friend_circles_40,4
user_0596,friend_circles,friend_circles_40,4
user_0597,friend_circles,friend_circles_40,4
user_0598,friend_circles,friend_circles_40,4
user_0599,friend_circles,friend_circles_41,4
user_0600,friend_circles,friend_circles_41,4
user_0601,friend_circles,friend_circles_41,4
user_0602,friend_circles,friend_circles_41,4
user_0603,friend_circles,friend_circles_42,4
user_0604,friend_circles,friend_circles_42,4
user_0605,friend_circles,friend_circles_42,4
user_0606,friend_circles,friend_circles_42,4
user_0607,friend_circles,friend_circles_43,4
user_0608,friend_circles,friend_circles_43,4
user_0609,friend_circles,friend_circles_43,4
user_0610,friend_circles,friend_circles_43,4
user_0611,friend_circles,friend_circles_44,4
user_0612,friend_circles,friend_circles_44,4
user_0613,friend_circles,friend_circles_44,4
user_0614,friend_circles,friend_circles_44,4
user_0615,friend_circles,friend_circles_45,4
user_0616,friend_circles,friend_circles_45,4
user_0617,friend_circles,friend_circles_45,4
user_0618,friend_circles,friend_circles_45,4
user_0619,friend_circles,friend_circles_46,4
user_0620,friend_circles,friend_circles_46,4
user_0621,friend_circles,friend_circles_46,4
user_0622,friend_circles,friend_circles_46,4
user_0623,friend_circles,friend_circles_47,4
user_0624,friend_circles,friend_circles_47,4
user_0625,friend_circles,friend_circles_47,4
user_0626,friend_circles,friend_circles_47,4
user_0627,friend_circles,friend_circles_48,4
user_0628,friend_circles,friend_circles_48,4
user_0629,friend_circles,friend_circles_48,4
user_0630,friend_circles,friend_circles_48,4
user_0631,friend_circles,friend_circles_49,4
user_0632,friend_circles,friend_circles_49,4
user_0633,friend_circles,friend_circles_49,4
user_0634,friend_circles,friend_circles_49,4
user_0635,friend_circles,friend_circles_50,4
user_0636,friend_circles,friend_circles_50,4
user_0637,friend_circles,friend_circles_50,4
user_0638,friend_circles,friend_circles_50,4
user_0639,friend_circles,friend_circles_51,4
user_0640,friend_circles,friend_circles_51,4
user_0641,friend_circles,friend_circles_51,4
user_0642,friend_circles,friend_circles_51,4
user_0643,friend_circles,friend_circles_52,4
user_0644,friend_circles,friend_circles_52,4
user_0645,friend_circles,friend_circles_52,4
user_0646,friend_circles,friend_circles_52,4
user_0647,friend_circles,friend_circles_53,4
user_0648,friend_circles,friend_circles_53,4
user_0649,friend_circles,friend_circles_53,4
user_0650,friend_circles,friend_circles_53,4
user_0651,friend_circles,friend_circles_54,4
user_0652,friend_circles,friend_circles_54,4
user_0653,friend_circles,friend_circles_54,4
user_0654,friend_circles,friend_circles_54,4
user_0655,friend_circles,friend_circles_55,4
user_0656,friend_circles,friend_circles_55,4
user_0657,friend_circles,friend_circles_55,4
user_0658,friend_circles,friend_circles_55,4
user_0659,friend_circles,friend_circles_56,4
user_0660,friend_circles,friend_circles_56,4
user_0661,friend_circles,friend_circles_56,4
user_0662,friend_circles,friend_circles_56,4
user_0663,friend_circles,friend_circles_57,4
user_0664,friend_circles,friend_circles_57,4
user_0665,friend_circles,friend_circles_57,4
user_0666,friend_circles,friend_circles_57,4
user_0667,friend_circles,friend_circles_58,4
user_0668,friend_circles,friend_circles_58,4
user_0669,friend_circles,friend_circles_58,4
user_0670,friend_circles,friend_circles_58,4
user_0671,friend_circles,friend_circles_59,4
user_0672,friend_circles,friend_circles_59,4
user_0673,friend_circles,friend_circles_59,4
user_0674,friend_circles,friend_circles_59,4
user_0675,friend_circles,friend_circles_60,4
user_0676,friend_circles,friend_circles_60,4
user_0677,friend_circles,friend_circles_60,4
user_0678,friend_circles,friend_circles_60,4
user_0679,friend_circles,friend_circles_61,4
user_0680,friend_circles,friend_circles_61,4
user_0681,friend_circles,friend_circles_61,4
user_0682,friend_circles,friend_circles_61,4
user_0683,friend_circles,friend_circles_62,4
user_0684,friend_circles,friend_circles_62,4
user_0685,friend_circles,friend_circles_62,4
user_0686,friend_circles,friend_circles_62,4
user_0687,friend_circles,friend_circles_63,4
user_0688,friend_circles,friend_circles_63,4
user_0689,friend_circles,friend_circles_63,4
user_0690,friend_circles,friend_circles_63,4
user_0691,friend_circles,friend_circles_64,4
user_0692,friend_circles,friend_circles_64,4
user_0693,friend_circles,friend_circles_64,4
user_0694,friend_circles,friend_circles_64,4
user_0695,friend_circles,friend_circles_65,4
user_0696,friend_circles,friend_circles_65,4
user_0697,friend_circles,friend_circles_65,4
user_0698,friend_circles,friend_circles_65,4
user_0699,friend_circles,friend_circles_66,4
user_0700,friend_circles,friend_circles_66,4
user_0701,friend_circles,friend_circles_66,4
user_0702,friend_circles,friend_circles_66,4
user_0703,friend_circles,friend_circles_67,4
user_0704,friend_circles,friend_circles_67,4
user_0705,friend_circles,friend_circles_67,4
user_0706,friend_circles,friend_circles_67,4
user_0707,friend_circles,friend_circles_68,4
user_0708,friend_circles,friend_circles_68,4
user_0709,friend_circles,friend_circles_68,4
user_0710,friend_circles,friend_circles_68,4
user_0711,friend_circles,friend_circles_69,4
user_0712,friend_circles,friend_circles_69,4
user_0713,friend_circles,friend_circles_69,4
user_0714,friend_circles,friend_circles_69,4
user_0715,friend_circles,friend_circles_70,4
user_0716,friend_circles,friend_circles_70,4
user_0717,friend_circles,friend_circles_70,4
user_0718,friend_circles,friend_circles_70,4
user_0719,friend_circles,friend_circles_71,4
user_0720,friend_circles,friend_circles_71,4
user_0721,friend_circles,friend_circles_71,4
user_0722,friend_circles,friend_circles_71,4
user_0723,friend_circles,friend_circles_72,4
user_0724,friend_circles,friend_circles_72,4
user_0725,friend_circles,friend_circles_72,4
user_0726,friend_circles,friend_circles_72,4
user_0727,friend_circles,friend_circles_73,4
user_0728,friend_circles,friend_circles_73,4
user_0729,friend_circles,friend_circles_73,4
user_0730,friend_circles,friend_circles_73,4
user_0731,friend_circles,friend_circles_74,4
user_0732,friend_circles,friend_circles_74,4
user_0733,friend_circles,friend_circles_74,4
user_0734,friend_circles,friend_circles_74,4
user_0735,friend_circles,friend_circles_75,4
user_0736,friend_circles,friend_circles_75,4
user_0737,friend_circles,friend_circles_75,4
user_0738,friend_circles,friend_circles_75,4
user_0739,friend_circles,friend_circles_76,4
user_0740,friend_circles,friend_circles_76,4
user_0741,friend_circles,friend_circles_76,4
user_0742,friend_circles,friend_circles_76,4
user_0743,friend_circles,friend_circles_77,4
user_0744,friend_circles,friend_circles_77,4
user_0745,friend_circles,friend_circles_77,4
user_0746,friend_circles,friend_circles_77,4
user_0747,friend_circles,friend_circles_78,4
user_0748,friend_circles,friend_circles_78,4
user_0749,friend_circles,friend_circles_78,4
user_0750,friend_circles,friend_circles_78,4
user_0751,friend_circles,friend_circles_79,4
user_0752,friend_circles,friend_circles_79,4
user_0753,friend_circles,friend_circles_79,4
user_0754,friend_circles,friend_circles_79,4
user_0755,friend_circles,friend_circles_80,4
user_0756,friend_circles,friend_circles_80,4
user_0757,friend_circles,friend_circles_80,4
user_0758,friend_circles,friend_circles_80,4
user_0759,friend_circles,friend_circles_81,4
user_0760,friend_circles,friend_circles_81,4
user_0761,friend_circles,friend_circles_81,4
user_0762,friend_circles,friend_circles_81,4
user_0763,friend_circles,friend_circles_82,4
user_0764,friend_circles,friend_circles_82,4
user_0765,friend_circles,friend_circles_82,4
user_0766,friend_circles,friend_circles_82,4
user_0767,friend_circles,friend_circles_83,4
user_0768,friend_circles,friend_circles_83,4
user_0769,friend_circles,friend_circles_83,4
user_0770,friend_circles,friend_circles_83,4
user_0771,friend_circles,friend_circles_84,4
user_0772,friend_circles,friend_circles_84,4
user_0773,friend_circles,friend_circles_84,4
user_0774,friend_circles,friend_circles_84,4
user_0775,friend_circles,friend_circles_85,4
user_0776,friend_circles,friend_circles_85,4
user_0777,friend_circles,friend_circles_85,4
user_0778,friend_circles,friend_circles_85,4
user_0779,friend_circles,friend_circles_86,4
user_0780,friend_circles,friend_circles_86,4
user_0781,friend_circles,friend_circles_86,4
user_0782,friend_circles,friend_circles_86,4
user_0783,friend_circles,friend_circles_87,4
user_0784,friend_circles,friend_circles_87,4
user_0785,friend_circles,friend_circles_87,4
user_0786,friend_circles,friend_circles_87,4
user_0787,friend_circles,friend_circles_88,4
user_0788,friend_circles,friend_circles_88,4
user_0789,friend_circles,friend_circles_88,4
user_0790,friend_circles,friend_circles_88,4
user_0791,friend_circles,friend_circles_89,4
user_0792,friend_circles,friend_circles_89,4
user_0793,friend_circles,friend_circles_89,4
user_0794,friend_circles,friend_circles_89,4
user_0795,friend_circles,friend_circles_90,4
user_0796,friend_circles,friend_circles_90,4
user_0797,friend_circles,friend_circles_90,4
user_0798,friend_circles,friend_circles_90,4
user_0799,friend_circles,friend_circles_91,4
user_0800,friend_circles,friend_circles_91,4
user_0801,friend_circles,friend_circles_91,4
user_0802,friend_circles,friend_circles_91,4
user_0803,friend_circles,friend_circles_92,4
user_0804,friend_circles,friend_circles_92,4
user_0805,friend_circles,friend_circles_92,4
user_0806,friend_circles,friend_circles_92,4
user_0807,friend_circles,friend_circles_93,4
user_0808,friend_circles,friend_circles_93,4
user_0809,friend_circles,friend_circles_93,4
user_0810,friend_circles,friend_circles_93,4
user_0811,friend_circles,friend_circles_94,4
user_0812,friend_circles,friend_circles_94,4
user_0813,friend_circles,friend_circles_94,4
user_0814,friend_circles,friend_circles_94,4
user_0815,friend_circles,friend_circles_95,4
user_0816,friend_circles,friend_circles_95,4
user_0817,friend_circles,friend_circles_95,4
user_0818,friend_circles,friend_circles_95,4
user_0819,friend_circles,friend_circles_96,4
user_0820,friend_circles,friend_circles_96,4
user_0821,friend_circles,friend_circles_96,4
user_0822,friend_circles,friend_circles_96,4
user_0823,friend_circles,friend_circles_97,4
user_0824,friend_circles,friend_circles_97,4
user_0825,friend_circles,friend_circles_97,4
user_0826,friend_circles,friend_circles_97,4
user_0827,friend_circles,friend_circles_98,4
user_0828,friend_circles,friend_circles_98,4
user_0829,friend_circles,friend_circles_98,4
user_0830,friend_circles,friend_circles_98,4
user_0831,friend_circles,friend_circles_99,4
user_0832,friend_circles,friend_circles_99,4
user_0833,friend_circles,friend_circles_99,4
user_0834,friend_circles,friend_circles_99,4
user_0835,friend_circles,friend_circles_100,4
user_0836,friend_circles,friend_circles_100,4
user_0837,friend_circles,friend_circles_100,4
user_0838,friend_circles,friend_circles_100,4
user_0839,friend_circles,friend_circles_101,4
user_0840,friend_circles,friend_circles_101,4
user_0841,friend_circles,friend_circles_101,4
user_0842,friend_circles,friend_circles_101,4
user_0843,friend_circles,friend_circles_102,4
user_0844,friend_circles,friend_circles_102,4
user_0845,friend_circles,friend_circles_102,4
user_0846,friend_circles,friend_circles_102,4
user_0847,friend_circles,friend_circles_103,4
user_0848,friend_circles,friend_circles_103,4
user_0849,friend_circles,friend_circles_103,4
user_0850,friend_circles,friend_circles_103,4
user_0851,friend_circles,friend_circles_104,4
user_0852,friend_circles,friend_circles_104,4
user_0853,friend_circles,friend_circles_104,4
user_0854,friend_circles,friend_circles_104,4
user_0855,friend_circles,friend_circles_105,4
user_0856,friend_circles,friend_circles_105,4
user_0857,friend_circles,friend_circles_105,4
user_0858,friend_circles,friend_circles_105,4
user_0859,friend_circles,friend_circles_106,4
user_0860,friend_circles,friend_circles_106,4
user_0861,friend_circles,friend_circles_106,4
user_0862,friend_circles,friend_circles_106,4
user_0863,friend_circles,friend_circles_107,4
user_0864,friend_circles,friend_circles_107,4
user_0865,friend_circles,friend_circles_107,4
user_0866,friend_circles,friend_circles_107,4
user_0867,friend_circles,friend_circles_108,4
user_0868,friend_circles,friend_circles_108,4
user_0869,friend_circles,friend_circles_108,4
user_0870,friend_circles,friend_circles_108,4
user_0871,friend_circles,friend_circles_109,4
user_0872,friend_circles,friend_circles_109,4
user_0873,friend_circles,friend_circles_109,4
user_0874,friend_circles,friend_circles_109,4
user_0875,friend_circles,friend_circles_110,4
user_0876,friend_circles,friend_circles_110,4
user_0877,friend_circles,friend_circles_110,4
user_0878,friend_circles,friend_circles_110,4
user_0879,friend_circles,friend_circles_111,4
user_0880,friend_circles,friend_circles_111,4
user_0881,friend_circles,friend_circles_111,4
user_0882,friend_circles,friend_circles_111,4
user_0883,friend_circles,friend_circles_112,4
user_0884,friend_circles,friend_circles_112,4
user_0885,friend_circles,friend_circles_112,4
user_0886,friend_circles,friend_circles_112,4
user_0887,friend_circles,friend_circles_113,4
user_0888,friend_circles,friend_circles_113,4
user_0889,friend_circles,friend_circles_113,4
user_0890,friend_circles,friend_circles_113,4
user_0891,friend_circles,friend_circles_114,4
user_0892,friend_circles,friend_circles_114,4
user_0893,friend_circles,friend_circles_114,4
user_0894,friend_circles,friend_circles_114,4
user_0895,friend_circles,friend_circles_115,4
user_0896,friend_circles,friend_circles_115,4
user_0897,friend_circles,friend_circles_115,4
user_0898,friend_circles,friend_circles_115,4
user_0899,friend_circles,friend_circles_116,4
user_0900,friend_circles,friend_circles_116,4
user_0901,friend_circles,friend_circles_116,4
user_0902,friend_circles,friend_circles_116,4
user_0903,friend_circles,friend_circles_117,4
user_0904,friend_circles,friend_circles_117,4
user_0905,friend_circles,friend_circles_117,4
user_0906,friend_circles,friend_circles_117,4
user_0907,friend_circles,friend_circles_118,4
user_0908,friend_circles,friend_circles_118,4
user_0909,friend_circles,friend_circles_118,4
user_0910,friend_circles,friend_circles_118,4
user_0911,friend_circles,friend_circles_119,4
user_0912,friend_circles,friend_circles_119,4
user_0913,friend_circles,friend_circles_119,4
user_0914,friend_circles,friend_circles_119,4
user_0915,friend_circles,friend_circles_120,4
user_0916,friend_circles,friend_circles_120,4
user_0917,friend_circles,friend_circles_120,4
user_0918,friend_circles,friend_circles_120,4
user_0919,friend_circles,friend_circles_121,4
user_0920,friend_circles,friend_circles_121,4
user_0921,friend_circles,friend_circles_121,4
user_0922,friend_circles,friend_circles_121,4
user_0923,friend_circles,friend_circles_122,4
user_0924,friend_circles,friend_circles_122,4
user_0925,friend_circles,friend_circles_122,4
user_0926,friend_circles,friend_circles_122,4
user_0927,friend_circles,friend_circles_123,4
user_0928,friend_circles,friend_circles_123,4
user_0929,friend_circles,friend_circles_123,4
user_0930,friend_circles,friend_circles_123,4
user_0931,friend_circles,friend_circles_124,4
user_0932,friend_circles,friend_circles_124,4
user_0933,friend_circles,friend_circles_124,4
user_0934,friend_circles,friend_circles_124,4
user_0935,friend_circles,friend_circles_125,4
user_0936,friend_circles,friend_circles_125,4
user_0937,friend_circles,friend_circles_125,4
user_0938,friend_circles,friend_circles_125,4
user_0939,friend_circles,friend_circles_126,4
user_0940,friend_circles,friend_circles_126,4
user_0941,friend_circles,friend_circles_126,4
user_0942,friend_circles,friend_circles_126,4
user_0943,friend_circles,friend_circles_127,4
user_0944,friend_circles,friend_circles_127,4
user_0945,friend_circles,friend_circles_127,4
user_0946,friend_circles,friend_circles_127,4
user_0947,friend_circles,friend_circles_128,4
user_0948,friend_circles,friend_circles_128,4
user_0949,friend_circles,friend_circles_128,4
user_0950,friend_circles,friend_circles_128,4
user_0951,friend_circles,friend_circles_129,4
user_0952,friend_circles,friend_circles_129,4
user_0953,friend_circles,friend_circles_129,4
user_0954,friend_circles,friend_circles_129,4
user_0955,friend_circles,friend_circles_130,4
user_0956,friend_circles,friend_circles_130,4
user_0957,friend_circles,friend_circles_130,4
user_0958,friend_circles,friend_circles_130,4
user_0959,friend_circles,friend_circles_131,4
user_0960,friend_circles,friend_circles_131,4
user_0961,friend_circles,friend_circles_131,4
user_0962,friend_circles,friend_circles_131,4
user_0963,friend_circles,friend_circles_132,4
user_0964,friend_circles,friend_circles_132,4
user_0965,friend_circles,friend_circles_132,4
user_0966,friend_circles,friend_circles_132,4
user_0967,friend_circles,friend_circles_133,4
user_0968,friend_circles,friend_circles_133,4
user_0969,friend_circles,friend_circles_133,4
user_0970,friend_circles,friend_circles_133,4
user_0971,friend_circles,friend_circles_134,4
user_0972,friend_circles,friend_circles_134,4
user_0973,friend_circles,friend_circles_134,4
user_0974,friend_circles,friend_circles_134,4
user_0975,friend_circles,friend_circles_135,4
user_0976,friend_circles,friend_circles_135,4
user_0977,friend_circles,friend_circles_135,4
user_0978,friend_circles,friend_circles_135,4
user_0979,friend_circles,friend_circles_136,4
user_0980,friend_circles,friend_circles_136,4
user_0981,friend_circles,friend_circles_136,4
user_0982,friend_circles,friend_circles_136,4
user_0983,friend_circles,friend_circles_137,4
user_0984,friend_circles,friend_circles_137,4
user_0985,friend_circles,friend_circles_137,4
user_0986,friend_circles,friend_circles_137,4
user_0987,friend_circles,friend_circles_138,4
user_0988,friend_circles,friend_circles_138,4
user_0989,friend_circles,friend_circles_138,4
user_0990,friend_circles,friend_circles_138,4
user_0991,friend_circles,friend_circles_139,4
user_0992,friend_circles,friend_circles_139,4
user_0993,friend_circles,friend_circles_139,4
user_0994,friend_circles,friend_circles_139,4
user_0995,friend_circles,friend_circles_140,4
user_0996,friend_circles,friend_circles_140,4
user_0997,friend_circles,friend_circles_140,4
user_0998,friend_circles,friend_circles_140,4
